Book Id,Title,Author,Author l-f,Additional Authors,ISBN,ISBN13,My Rating,Average Rating,Publisher,Binding,Number of Pages,Year Published,Original Publication Year,Date Read,Date Added,Bookshelves,Bookshelves with positions,Exclusive Shelf,My Review,Spoiler,Private Notes,Read Count,Recommended For,Recommended By,Owned Copies,Original Purchase Date,Original Purchase Location,Condition,Condition Description,BCID
226330,"Blow-Up: Inflatable Art, Architecture and Design (Art & Design)",Sean Topham,"Topham, Sean",,"=""3791326872""","=""9783791326870""",0,3.83,Prestel Publishing,Hardcover,160,2002,2002,,2017/04/17,to-read,to-read (#90),to-read,,,,0,,,0,,,,,
1113582,Where's My Space Age?: The Rise and Fall of Futuristic Design,Sean Topham,"Topham, Sean",,"=""3791328441""","=""9783791328447""",0,3.67,Prestel Publishing,Paperback,160,2003,2003,,2017/04/17,to-read,to-read (#89),to-read,,,,0,,,0,,,,,
9557285,A History of the Internet and the Digital Future,Johnny Ryan,"Ryan, Johnny",,"=""1861897774""","=""9781861897770""",0,3.70,Reaktion Books,Hardcover,246,2010,2010,,2017/03/05,to-read,to-read (#88),to-read,,,,0,,,0,,,,,
722414,Computer Lib; Dream Machines,Theodore H. Nelson,"Nelson, Theodore H.",,"=""0914845497""","=""9780914845492""",0,4.56,Microsoft Press,Paperback,336,1987,1974,,2017/01/12,to-read,to-read (#87),to-read,,,,0,,,0,,,,,
753865,Inventing the Internet,Janet Abbate,"Abbate, Janet",,"=""0262511150""","=""9780262511155""",0,3.86,Mit Press,Paperback,268,2000,1999,,2017/01/11,to-read,to-read (#86),to-read,,,,0,,,0,,,,,
23398715,"How Music Got Free: The End of an Industry, the Turn of the Century, and the Patient Zero of Piracy",Stephen Richard Witt,"Witt, Stephen Richard",,"=""0525426612""","=""9780525426615""",0,4.21,Viking,Hardcover,296,2015,2015,,2016/12/31,to-read,to-read (#85),to-read,,,,0,,,0,,,,,
8021109,"Mashed Up: Music, Technology, And The Rise Of Configurable Culture (Science/Technology/Culture)",Aram Sinnreich,"Sinnreich, Aram",,"=""155849829X""","=""9781558498297""",0,3.85,University of Massachusetts Press,Paperback,241,2010,2010,,2016/12/28,to-read,to-read (#83),to-read,,,,0,,,0,,,,,
33627453,The Carrot Or The Stick?  Innovation vs. Anti-Piracy Enforcement,Copia,"Copia, Copia",,"=""""","=""""",0,0.0,,,,2015,,,2016/12/28,"to-read, copyright","to-read (#84), copyright (#3)",to-read,,,,0,,,0,,,,,
24566096,The Piracy Crusade: How the Music Industry's War on Sharing Destroys Markets and Erodes Civil Liberties (Science/Technology/Culture),Aram Sinnreich,"Sinnreich, Aram",,"=""""","=""""",0,4.07,University of Massachusetts Press,Kindle Edition,260,2014,2013,2016/12/29,2016/12/28,copyright,copyright (#2),read,,,,1,,,0,,,,,
24848941,Three.js Cookbook,Jos Dirksen,"Dirksen, Jos",,"=""""","=""""",0,4.00,Packt Publishing,Kindle Edition,300,2015,2015,,2016/12/28,to-read,to-read (#82),to-read,,,,0,,,0,,,,,
2748098,Born Digital: Understanding the First Generation of Digital Natives,John Palfrey,"Palfrey, John",Urs Gasser,"=""0465005152""","=""9780465005154""",0,3.51,Basic Books,Hardcover,288,2008,2008,,2016/12/27,to-read,to-read (#81),to-read,,,,0,,,0,,,,,
687920,"The Internet Galaxy: Reflections on the Internet, Business, and Society",Manuel Castells,"Castells, Manuel",,"=""0199255776""","=""9780199255771""",0,3.75,"Oxford University Press, USA",Paperback,304,2003,2001,,2016/12/27,to-read,to-read (#80),to-read,,,,0,,,0,,,,,
3345583,"Content: Selected Essays on Technology, Creativity, Copyright, and the Future of the Future",Cory Doctorow,"Doctorow, Cory",,"=""1892391813""","=""9781892391810""",0,3.81,Tachyon Publications,Paperback,213,2008,2008,,2016/12/27,to-read,to-read (#79),to-read,,,,0,,,0,,,,,
32475,"Dreaming in Code: Two Dozen Programmers, Three Years, 4,732 Bugs, and One Quest for Transcendent Software",Scott Rosenberg,"Rosenberg, Scott",,"=""1400082463""","=""9781400082469""",0,3.70,"Crown Publishing, NY",Hardcover,416,2007,2007,,2016/12/27,to-read,to-read (#78),to-read,,,,0,,,0,,,,,
13059717,Consent of the Networked: The Worldwide Struggle For Internet Freedom,Rebecca MacKinnon,"MacKinnon, Rebecca",,"=""0465024424""","=""9780465024421""",0,3.89,Basic Books,Hardcover,320,2012,2012,,2016/12/27,to-read,to-read (#77),to-read,,,,0,,,0,,,,,
4606921,The Wikipedia Revolution: How a Bunch of Nobodies Created the World's Greatest Encyclopedia,Andrew Lih,"Lih, Andrew",Jimmy Wales,"=""1401303714""","=""9781401303716""",0,3.75,Hachette Books,Hardcover,246,2008,2008,,2016/12/27,to-read,to-read (#76),to-read,,,,0,,,0,,,,,
826577,Steal This Computer Book 4.0 – What They Won′t Tell You About the Internet 4e,Wallace Wang,"Wang, Wallace",,"=""1593271050""","=""9781593271053""",0,3.66,No Starch Press,Paperback,376,2006,2006,,2016/12/27,to-read,to-read (#75),to-read,,,,0,,,0,,,,,
658332,Free as in Freedom: Richard Stallman's Crusade for Free Software,Sam  Williams,"Williams, Sam",,"=""0596002874""","=""9780596002879""",0,3.80,O'Reilly Media,Paperback,240,2002,2002,,2016/12/27,to-read,to-read (#74),to-read,,,,0,,,0,,,,,
1741472,Programming Collective Intelligence: Building Smart Web 2.0 Applications,Toby Segaran,"Segaran, Toby",,"=""0596529325""","=""9780596529321""",0,4.07,O'Reilly Media,Paperback,362,2007,2002,,2016/12/27,to-read,to-read (#73),to-read,,,,0,,,0,,,,,
264221,"Ada, the Enchantress of Numbers: A Selection from the Letters of Lord Byron's Daughter and Her Description of the First Computer",Ada King Lovelace,"Lovelace, Ada King",Betty Alexandra Toole,"=""0912647094""","=""9780912647098""",0,3.35,Critical Connection,Hardcover,439,1992,1992,,2016/12/18,to-read,to-read (#72),to-read,,,,0,,,0,,,,,
31203865,The Hacker Ethic and the Spirit of the New Economy [Abridged],Pekka Himanen,"Himanen, Pekka","Linus Torvalds, Manuel Castells, Oliver Wyman","=""""","=""""",0,3.69, Random House Audio,Audible Audio,,2001,2001,,2016/12/12,to-read,to-read (#71),to-read,,,,0,,,0,,,,,
23492684,The Idealist: Aaron Swartz and the Rise of Free Culture on the Internet,Justin Peters,"Peters, Justin",,"=""1476767726""","=""9781476767727""",0,3.82,Scribner,Hardcover,352,2016,2016,,2016/12/12,to-read,to-read (#70),to-read,,,,0,,,0,,,,,
409303,"The Well: A Story of Love, Death & Real Life in the Seminal Online Community",Katie  Hafner,"Hafner, Katie",,"=""0786708468""","=""9780786708468""",0,3.79,Carroll & Graf Publishers,Hardcover,208,2001,2001,,2016/12/12,to-read,to-read (#69),to-read,,,,0,,,0,,,,,
7156914,The Nomadic Developer: Surviving and Thriving in the World of Technology Consulting,Aaron Erickson,"Erickson, Aaron",Chris G. Williams,"=""0321659414""","=""9780321659415""",0,3.74,Addison-Wesley Professional,ebook,395,2009,2009,,2016/12/12,to-read,to-read (#68),to-read,,,,0,,,0,,,,,
821987,Weaving the Web: The Original Design and Ultimate Destiny of the World Wide Web,Tim Berners-Lee,"Berners-Lee, Tim",,"=""006251587X""","=""9780062515872""",0,3.86,HarperBusiness,Paperback,256,2000,1999,,2016/12/12,to-read,to-read (#67),to-read,,,,0,,,0,,,,,
23214145,The Undersea Network,Nicole Starosielski,"Starosielski, Nicole",,"=""0822357550""","=""9780822357551""",0,3.67,Duke University Press Books,Paperback,312,2015,2015,,2016/12/12,to-read,to-read (#66),to-read,,,,0,,,0,,,,,
16193364,Turing: Pioneer of the Information Age,B. Jack Copeland,"Copeland, B. Jack",,"=""0199639795""","=""9780199639793""",0,3.78,Oxford University Press (UK),Hardcover,300,2013,2012,,2016/12/12,to-read,to-read (#65),to-read,,,,0,,,0,,,,,
32708737,How Software Defined Networking (SDN) Is Going To Change Your World Forever: The Revolution In Network Design And How It Affects You,Jim Anderson,"Anderson, Jim",,"=""""","=""9781370263363""",0,5.00,Smashwords Edition,ebook,,2016,,,2016/12/12,to-read,to-read (#64),to-read,,,,0,,,0,,,,,
52853,The Victorian Internet,Tom Standage,"Standage, Tom",,"=""0425171698""","=""9780425171691""",0,3.90,Berkley Trade,Paperback,240,1999,1998,,2016/12/12,paper,paper (#7),read,,,,1,,,0,,,,,
17412776,"Minecraft: The Unlikely Tale of Markus ""Notch"" Persson and the Game that Changed Everything",Daniel Goldberg,"Goldberg, Daniel","Linus Larsson, Jennifer  Hawkins","=""1609805372""","=""9781609805371""",0,3.85,Seven Stories Press,Hardcover,256,2013,2012,,2016/12/12,to-read,to-read (#63),to-read,,,,0,,,0,,,,,
222146,Masters of Doom: How Two Guys Created an Empire and Transformed Pop Culture,David Kushner,"Kushner, David",Wil Wheaton,"=""0812972155""","=""9780812972153""",0,4.24,Random House Trade Paperbacks,Paperback,339,2004,2003,,2016/12/12,paper,paper (#6),read,,,,1,,,0,,,,,
10256723,Ghost in the Wires: My Adventures as the World's Most Wanted Hacker,Kevin D. Mitnick,"Mitnick, Kevin D.","William L. Simon, Steve Wozniak","=""0316037702""","=""9780316037709""",0,3.95,"Little, Brown and Company",Hardcover,393,2011,2011,,2016/12/12,to-read,to-read (#62),to-read,,,,0,,,0,,,,,
21856367,"The Innovators: How a Group of  Hackers, Geniuses and Geeks Created the Digital Revolution",Walter Isaacson,"Isaacson, Walter",,"=""147670869X""","=""9781476708690""",0,4.04,Simon and Schuster,Hardcover,528,2014,2014,,2016/12/12,to-read,to-read (#61),to-read,,,,0,,,0,,,,,
573804,Dungeons and Dreamers: The Rise of Computer Game Culture from Geek to Chic,Brad  King,"King, Brad",John Borland,"=""0072228881""","=""9780072228885""",0,3.62,McGraw-Hill/Osborne Media,Hardcover,273,2003,2003,,2016/12/10,to-read,to-read (#60),to-read,,,,0,,,0,,,,,
2796728,Dungeons and Desktops: The History of Computer Role-Playing Games,Matt Barton,"Barton, Matt",,"=""1568814119""","=""9781568814117""",0,3.61,A K PETERS,Hardcover,451,2008,2008,,2016/12/10,to-read,to-read (#59),to-read,,,,0,,,0,,,,,
7405941,Beautiful Visualization: Looking at Data through the Eyes of Experts,Julie Steele,"Steele, Julie",Noah Iliinsky,"=""1449379869""","=""9781449379865""",0,3.75,O'Reilly Media,Paperback,416,2010,2010,,2016/12/10,to-read,to-read (#58),to-read,,,,0,,,0,,,,,
16087610,Interactive Data Visualization for the Web,Scott Murray,"Murray, Scott",,"=""1449339735""","=""9781449339739""",0,4.05,O'Reilly Media,Paperback,272,2013,2013,,2016/12/10,to-read,to-read (#57),to-read,,,,0,,,0,,,,,
289201,Creative Code: Aesthetics + Computation,John Maeda,"Maeda, John",,"=""0500285179""","=""9780500285176""",0,3.91,Thames  Hudson,Paperback,256,2004,2004,,2016/12/10,to-read,to-read (#56),to-read,,,,0,,,0,,,,,
2112788,Visualizing Data: Exploring and Explaining Data with the Processing Environment,Ben Fry,"Fry, Ben",,"=""0596514557""","=""9780596514556""",0,3.69,O'Reilly Media,Paperback,384,2007,2007,,2016/12/10,to-read,to-read (#55),to-read,,,,0,,,0,,,,,
33306788,"The Man Who Invented the Computer: The Biography of John Atanasoff, Digital Pioneer",Jane Smiley,"Smiley, Jane",,"=""""","=""""",0,3.47,,Audible Audio,,,2010,2016/12/12,2016/12/10,"computer-history, audio","computer-history (#22), audio (#6)",read,,,,1,,,0,,,,,
33286573,Electronic Dreams: How 1980s Britain Learned to Love the Computer,Tom Lean,"Lean, Tom",,"=""""","=""""",4,4.07,,Audible Audio,,,2016,2016/12/10,2016/12/07,"computer-history, audio","computer-history (#21), audio (#5)",read,,,,1,,,0,,,,,
40492,Revolution in The Valley: The Insanely Great Story of How the Mac Was Made,Andy Hertzfeld,"Hertzfeld, Andy",Steve Wozniak,"=""0596007191""","=""9780596007195""",0,4.18,O'Reilly Media,Paperback,291,2004,2004,,2016/12/07,"to-read, computer-history","to-read (#49), computer-history (#8)",to-read,,,,0,,,0,,,,,
33284294,When Computing Got Personal: A history of the desktop computer,Matt    Nicholson,"Nicholson, Matt",,"=""""","=""""",0,4.04,,Audiobook,,,2014,2016/12/08,2016/12/07,"computer-history, audio","computer-history (#20), audio (#4)",read,,,,1,,,0,,,,,
19319809,The Pixar Touch,David A. Price,"Price, David A.",,"=""""","=""""",0,3.93,Tantor Audio,Audiobook,0,2008,2008,2016/12/05,2016/12/07,"computer-history, audio","computer-history (#19), audio (#3)",read,,,,1,,,0,,,,,
204423,Core Web3d [With CDROM],Aaron E. Walsh,"Walsh, Aaron E.",Mikael Bourges-Sevenier,"=""0130857289""","=""9780130857286""",0,3.00,Prentice Hall PTR,Paperback,1152,2000,2000,,2016/11/22,"to-read, paper","to-read (#48), paper (#5)",to-read,,,,0,,,0,,,,,
1949628,Mega Traveller,Elizabeth Danforth,"Danforth, Elizabeth",,"=""0943580471""","=""9780943580470""",0,3.22,Plenum Publishing Corporation,Paperback,104,1987,1987,,2016/11/01,"rpg, paper","rpg (#10), paper (#19)",read,,,,1,,,0,,,,,
1148240,Power-Up: How Japanese Video Games Gave the World an Extra Life,Chris Kohler,"Kohler, Chris",,"=""0744004241""","=""0752073004248""",0,3.92,BradyGames,Paperback,312,2004,2004,,2016/11/01,"computer-history, to-read","computer-history (#14), to-read (#54)",to-read,,,,0,,,0,,,,,
12496638,Gamers at Work: Stories Behind the Games People Play,Peter Molyneux,"Molyneux, Peter",Morgan Ramsay,"=""1430233516""","=""9781430233510""",0,3.62,Apress,Paperback,356,2012,2012,,2016/10/30,"to-read, to-buy, game-dev","to-read (#47), to-buy (#16), game-dev (#2)",to-read,,,,0,,,0,,,,,
29390943,Procedural Content Generation for C++ Game Development,Dale Green,"Green, Dale",,"=""""","=""""",5,4.00,Packt Publishing,Kindle Edition,306,2016,,,2016/10/29,"programming, to-read, stalled","programming (#19), to-read (#50), stalled (#1)",to-read,,,,0,,,0,,,,,
17399511,"Blender 3D 2.49 Architecture, Buidlings, and Scenery",Allan Brito,"Brito, Allan",,"=""1849510490""","=""9781849510493""",0,3.12,Packt Publishing,ebook,376,2010,2008,,2016/10/29,"to-read, 3d-modelling","to-read (#46), 3d-modelling (#1)",to-read,,,,0,,,0,,,,,
21266479,Google SketchUp for Game Design: Beginner's Guide,Robin de Jongh,"Jongh, Robin de",,"=""""","=""""",3,4.15,Packt Publishing,Kindle Edition,270,2011,2011,2016/11/01,2016/10/29,"3d-modelling, game-dev","3d-modelling (#6), game-dev (#3)",read,,,,1,,,0,,,,,
16849325,"Blender 3D Architecture, Buildings, and Scenery",Allan Brito,"Brito, Allan",,"=""1281386448""","=""9781281386441""",2,3.12,Packt Publishing,ebook,316,2008,2008,2016/11/10,2016/10/29,3d-modelling,3d-modelling (#4),read,,,,1,,,0,,,,,
8518770,Computers In Spaceflight: The NASA Experience,James Tomayko,"Tomayko, James",,"=""""","=""""",4,3.91,,Kindle Edition,465,,2009,,2016/09/24,computer-history,computer-history (#18),read,,,,1,,,0,,,,,
6704793,"Programming Interactivity: A Designer's Guide to Processing, Arduino, and Openframeworks",Joshua Noble,"Noble, Joshua",,"=""0596154143""","=""9780596154141""",0,3.88,O'Reilly Media,Paperback,736,2009,2009,,2016/09/24,"to-read, to-buy, programming","to-read (#45), to-buy (#15), programming (#23)",to-read,,,,0,,,0,,,,,
472325,Processing: A Programming Handbook for Visual Designers and Artists,Casey Reas,"Reas, Casey","Ben Fry, John Maeda","=""0262182629""","=""9780262182621""",0,4.18,MIT Press (MA),Hardcover,710,2007,2007,,2016/09/24,"to-read, to-buy, programming","to-read (#44), to-buy (#14), programming (#20)",to-read,,,,0,,,0,,,,,
3908677,"Learning Processing: A Beginner's Guide to Programming Images, Animation, and Interaction",Daniel Shiffman,"Shiffman, Daniel",,"=""0123736021""","=""9780123736024""",0,4.27,Morgan Kaufmann Publishers,Paperback,453,2009,2008,,2016/09/24,"to-read, to-buy, programming","to-read (#43), to-buy (#13), programming (#12)",to-read,,,,0,,,0,,,,,
32192093,The Pirate Book,Various,"Various, Various",,"=""""","=""9789619219287""",4,4.00,lulu,ebook,238,2015,,2016/12/29,2016/09/24,"computer-history, networking, copyright","computer-history (#23), networking (#10), copyright (#1)",read,,,,1,,,0,,,,,
32192054,GURPS Infinite Worlds,Kenneth Hite,"Hite, Kenneth",,"=""""","=""""",0,4.26,,ebook,,,2005,,2016/09/23,"to-read, rpg","to-read (#42), rpg (#5)",to-read,,,,0,,,0,,,,,
14577488,"Generative Design: Visualize, Program, and Create with Processing",Hartmut Bohnacker,"Bohnacker, Hartmut",Benedikt Groß,"=""1616890770""","=""9781616890773""",0,4.55,Princeton Architectural Press,Hardcover,472,2012,2009,,2016/09/23,"to-read, to-buy, programming","to-read (#41), to-buy (#12), programming (#4)",to-read,,,,0,,,0,,,,,
32192036,Ham Radio For Dummies 2nd Edition,H. Ward Silver,"Silver, H. Ward",,"=""""","=""""",3,3.70,,ebook,,,2004,,2016/09/23,,,read,,,,1,,,0,,,,,
10974661,Clients From Hell: A collection of anonymously-contributed client horror stories from designers,Anonymous,"Anonymous, Anonymous",,"=""0982473931""","=""9780982473931""",4,4.09,Channel V Books,Paperback,150,2010,2010,,2016/09/23,paper,paper (#18),read,,,,1,,,0,,,,,
22418720,Clients From Hell 2: A collection of anonymously-contributed client horror stories,Bryce Bladon,"Bladon, Bryce",,"=""""","=""9781311151513""",4,3.78,Smashwords Edition,ebook,,2014,2012,,2016/09/23,,,read,,,,1,,,0,,,,,
13625127,The Case for Copyright Reform,Christian Engström,"Engström, Christian",Rick Falkvinge,"=""147167178X""","=""9781471671784""",5,4.24,The Swedish Pirate Party & Greens/EFA EP,ebook,93,2012,2012,,2016/09/23,paper,paper (#17),read,,,,1,,,0,,,,,
1047351,GURPS Atlantis,Phil Masters,"Masters, Phil",,"=""1556344783""","=""9781556344787""",0,3.60,Steve Jackson Games,Paperback,128,2002,2002,,2016/09/23,"to-read, rpg","to-read (#40), rpg (#1)",to-read,,,,0,,,0,,,,,
1759367,GURPS Basic Set (Third Edition),Steve Jackson,"Jackson, Steve",,"=""155634127X""","=""9781556341274""",0,3.76,Steve Jackson Games,Paperback,272,1991,1989,,2016/09/23,"to-read, rpg, paper","to-read (#39), rpg (#2), paper (#16)",to-read,,,,0,,,0,,,,,
1291168,GURPS Space,Jon F. Zeigler,"Zeigler, Jon F.",James L. Cambias,"=""1556342454""","=""9781556342455""",0,3.98,Steve Jackson Games,Hardcover,240,2006,2006,,2016/09/23,"to-read, rpg, paper","to-read (#38), rpg (#6), paper (#15)",to-read,,,,0,,,0,,,,,
524913,GURPS Basic Set: Campaigns,Steve Jackson,"Jackson, Steve","Sean Punch, David L. Pulver, Andrew Hackard","=""1556347308""","=""9781556347306""",0,4.11,Steve Jackson Games,Hardcover,576,2004,2004,,2016/09/23,"to-read, rpg, paper","to-read (#37), rpg (#3), paper (#9)",to-read,,,,0,,,0,,,,,
524911,GURPS Basic Set: Characters,Steve Jackson,"Jackson, Steve","David L. Pulver, Sean Punch, Andrew Hackard","=""1556347294""","=""9781556347290""",0,4.02,Steve Jackson Games,Hardcover,336,2004,2004,,2016/09/23,"to-read, rpg, paper","to-read (#36), rpg (#4), paper (#8)",to-read,,,,0,,,0,,,,,
134825,The Cathedral & the Bazaar: Musings on Linux and Open Source by an Accidental Revolutionary,Eric S. Raymond,"Raymond, Eric S.",Bob Young,"=""0596001088""","=""9780596001087""",0,3.83,O'Reilly Media,Paperback,258,2001,1999,,2016/09/23,"to-read, to-buy, programming","to-read (#35), to-buy (#11), programming (#2)",to-read,,,,0,,,0,,,,,
14975340,Processing: Creative Coding and Generative Art in Processing 2,Ira Greenberg,"Greenberg, Ira","Dianna Xu, Deepak Kumar","=""143024464X""","=""9781430244646""",0,3.87,Apress,Paperback,472,2013,2012,,2016/09/21,"to-read, to-buy, programming","to-read (#34), to-buy (#10), programming (#22)",to-read,,,,0,,,0,,,,,
237893,High Score!: The Illustrated History of Electronic Games,Rusel DeMaria,"DeMaria, Rusel",Johnny L. Wilson,"=""0072224282""","=""0783254039872""",0,3.93,McGraw-Hill/Osborne Media,Paperback,328,2002,2002,,2016/09/13,"to-buy, computer-history, to-read, paper","to-buy (#9), computer-history (#7), to-read (#53), paper (#4)",to-read,,,,0,,,0,,,,,
31913646,Eniac: The Triumphs and Tragedies of the World's First Computer,Scott McCartney,"McCartney, Scott",,"=""""","=""""",3,3.77,"Blackstone Audio, Inc.",Audible Audio,,2000,1999,2016/12/11,2016/09/13,"computer-history, audio","computer-history (#3), audio (#2)",read,,,,1,,,0,,,,,
5435210,Racing the Beam: The Atari Video Computer System,Nick Montfort,"Montfort, Nick",Ian Bogost,"=""026201257X""","=""9780262012577""",0,4.08,MIT Press (MA),Hardcover,180,2009,2009,,2016/09/13,"to-read, to-buy, computer-history","to-read (#33), to-buy (#8), computer-history (#17)",to-read,,,,0,,,0,,,,,
434706,The Success of Open Source,Steven Weber,"Weber, Steven",,"=""0674018583""","=""9780674018587""",0,3.89,Harvard University Press,Paperback,312,2005,2004,,2016/09/13,"to-read, to-buy","to-read (#32), to-buy (#7)",to-read,,,,0,,,0,,,,,
722412,The Dream Machine: J.C.R. Licklider and the Revolution That Made Computing Personal,M. Mitchell Waldrop,"Waldrop, M. Mitchell",,"=""014200135X""","=""9780142001356""",0,4.38,Penguin Books,Paperback,512,2002,2001,,2016/09/13,"to-read, to-buy, computer-history","to-read (#31), to-buy (#6), computer-history (#6)",to-read,,,,0,,,0,,,,,
281818,Where Wizards Stay Up Late: The Origins of the Internet,Katie  Hafner,"Hafner, Katie",Matthew Lyon,"=""0684832674""","=""9780684832678""",4,3.90,Simon & Schuster,Paperback,304,1998,1996,,2016/09/13,"networking, computer-history, paper","networking (#8), computer-history (#13), paper (#3)",read,,,,1,,,0,,,,,
44874,Code: Version 2.0,Lawrence Lessig,"Lessig, Lawrence",,"=""0465039146""","=""9780465039142""",0,3.94,Basic Books,Paperback,416,2006,1999,,2016/09/13,to-read,to-read (#30),to-read,,,,0,,,0,,,,,
14721,The Wealth of Networks: How Social Production Transforms Markets and Freedom,Yochai Benkler,"Benkler, Yochai",,"=""0300110561""","=""9780300110562""",0,3.95,Yale University Press,Hardcover,528,2006,2006,,2016/09/13,"to-read, to-buy, networking","to-read (#29), to-buy (#5), networking (#3)",to-read,,,,0,,,0,,,,,
1753166,Delay- And Disruption- Tolerant Networking,Stephen Farrell,"Farrell, Stephen",Vinny Cahill,"=""1596930632""","=""9781596930636""",4,4.00,Artech House Publishers,Hardcover,226,2006,2006,,2016/09/13,"networking, paper","networking (#6), paper (#14)",read,,,,1,,,0,,,,,
13054822,Delay Tolerant Networks: Protocols and Applications,Athanasios V. Vasilakos,"Vasilakos, Athanasios V.","Yan Zhang, Thrasyvoulos Spyropoulos","=""1439811083""","=""9781439811085""",4,4.00,CRC Press,Hardcover,364,2011,2011,,2016/09/13,"networking, paper","networking (#5), paper (#13)",read,,,,1,,,0,,,,,
996998,X3D: Extensible 3D Graphics for Web Authors: Extensible 3D Graphics for Web Authors Vol 1 (The Morgan Kaufmann Series in Computer Graphics),Don Brutzman,"Brutzman, Don",Leonard Daly,"=""012088500X""","=""9780120885008""",3,3.50,Morgan Kaufmann,Paperback,441,2007,2007,,2016/09/13,"web-dev, programming, paper","web-dev (#22), programming (#35), paper (#12)",read,,,,1,,,0,,,,,
13488507,The Future Was Here: The Commodore Amiga,Jimmy Maher,"Maher, Jimmy",,"=""0262017202""","=""9780262017206""",0,3.92,MIT Press,Hardcover,328,2012,2012,,2016/09/13,"to-read, to-buy, computer-history","to-read (#28), to-buy (#4), computer-history (#16)",to-read,,,,0,,,0,,,,,
13595478,Commodore: The Amiga Years,Brian  Bagnall,"Bagnall, Brian",,"=""0973864990""","=""9780973864991""",0,4.00,Variant Press,Hardcover,540,2013,2012,,2016/09/13,"to-read, to-buy, computer-history","to-read (#27), to-buy (#3), computer-history (#15)",to-read,,,,0,,,0,,,,,
20434467,Commodore: A Company on the Edge,Brian  Bagnall,"Bagnall, Brian",,"=""""","=""""",4,4.16,Variant Press,Kindle Edition,548,2012,2011,,2016/09/13,"computer-history, paper","computer-history (#2), paper (#2)",read,,,,1,,,0,,,,,
412006,On the Edge: The Spectacular Rise and Fall of Commodore,Brian  Bagnall,"Bagnall, Brian",,"=""0973864907""","=""9780973864908""",4,4.19,Variant Press,Hardcover,548,2006,2005,,2016/09/13,"computer-history, paper","computer-history (#1), paper (#1)",read,,,,1,,,0,,,,,
1427580,Fire in the Valley: The Making of the Personal Computer,Paul Freiberger,"Freiberger, Paul",Michael Swaine,"=""0071358927""","=""9780071358927""",0,4.12,McGraw-Hill,Paperback,463,1999,1984,,2016/09/13,"to-buy, computer-history, to-read","to-buy (#2), computer-history (#12), to-read (#52)",to-read,,,,0,,,0,,,,,
23258925,The Boy Who Could Change the World: The Writings of Aaron Swartz,Aaron Swartz,"Swartz, Aaron",Lawrence Lessig,"=""162097066X""","=""9781620970669""",5,4.22,New Press,Paperback,359,2016,2015,,2016/09/13,,,read,,,,1,,,0,,,,,
638812,"Fumbling the Future: How Xerox Invented, Then Ignored, the First Personal Computer",Douglas K. Smith,"Smith, Douglas K.",Robert C. Alexander,"=""1583482660""","=""9781583482667""",4,3.87,iUniverse,Paperback,276,1999,1988,,2016/09/13,computer-history,computer-history (#5),read,,,,1,,,0,,,,,
1101290,Dealers of Lightning: Xerox PARC and the Dawn of the Computer Age,Michael A. Hiltzik,"Hiltzik, Michael A.",,"=""0887309895""","=""9780887309892""",0,4.12,HarperBusiness,Paperback,480,2000,1999,,2016/09/13,"to-buy, computer-history, to-read","to-buy (#1), computer-history (#11), to-read (#51)",to-read,,,,0,,,0,,,,,
10260609,CMS Design Using PHP and Jquery,Kae Verens,"Verens, Kae",,"=""1849512523""","=""9781849512527""",0,2.25,Packt Publishing,Paperback,340,2010,2010,,2016/09/13,"to-read, programming, web-dev","to-read (#26), programming (#3), web-dev (#2)",to-read,,,,0,,,0,,,,,
18604813,Getting Started with Webrtc,Rob Manson,"Manson, Rob",,"=""1782166300""","=""9781782166306""",0,4.21,Packt Publishing,Paperback,114,2013,2013,,2016/09/13,"to-read, programming","to-read (#25), programming (#6)",to-read,,,,0,,,0,,,,,
12652868,Html5 Games Development by Example: Beginner's Guide,Makzan,"Makzan, Makzan",,"=""1849691266""","=""9781849691260""",0,3.50,Packt Publishing,Paperback,352,2011,2011,,2016/09/13,,,read,,,,1,,,0,,,,,
11559195,Html5 Multimedia Development Cookbook,Dale Cruse,"Cruse, Dale",Lee Jordan,"=""1849691045""","=""9781849691048""",0,4.25,Packt Publishing,Paperback,288,2011,2011,,2016/09/13,"to-read, web-dev, programming","to-read (#24), web-dev (#5), programming (#9)",to-read,,,,0,,,0,,,,,
10370134,Linux Shell Scripting Cookbook,Shantanu Tushar,"Tushar, Shantanu",Sarath Lakshman,"=""1849513767""","=""9781849513760""",0,3.61,Packt Publishing,Paperback,360,2011,2011,,2016/09/13,"to-read, programming","to-read (#23), programming (#13)",to-read,,,,0,,,0,,,,,
11968259,OpenVPN 2 Cookbook,Jan Just Keijser,"Keijser, Jan Just",,"=""1849510105""","=""9781849510103""",0,3.38,PACKT PUBLISHING,Paperback,356,2011,2011,,2016/09/13,"to-read, networking","to-read (#22), networking (#2)",to-read,,,,0,,,0,,,,,
848667,Sky Galleons of Mars & Cloudships & Gunboats,Frank Chadwick,"Chadwick, Frank",Tim Bradstreet,"=""1930658044""","=""9781930658042""",0,3.67,Heliograph,Paperback,124,2000,2000,,2016/09/13,"to-read, rpg","to-read (#21), rpg (#8)",to-read,,,,0,,,0,,,,,
1185103,Ironclads & Ether Flyers: Aeronaval Combat for Space: 1889,Frank Chadwick,"Chadwick, Frank",,"=""1930658052""","=""9781930658059""",0,4.25,Heliograph,Paperback,112,2000,1990,,2016/09/13,"to-read, rpg","to-read (#20), rpg (#7)",to-read,,,,0,,,0,,,,,
17087601,Html5 Graphics & Data Visualization Cookbook,Ben Fhala,"Fhala, Ben",,"=""1849693706""","=""9781849693707""",0,4.17,Packt Publishing,Paperback,330,2012,2012,,2016/09/13,"to-read, programming, web-dev","to-read (#19), programming (#8), web-dev (#4)",to-read,,,,0,,,0,,,,,
14499738,Android Ndk Beginner's Guide,Sylvain Ratabouil,"Ratabouil, Sylvain",,"=""1849691525""","=""9781849691529""",0,3.62,Packt Publishing,Paperback,436,2012,2012,,2016/09/13,"to-read, programming","to-read (#18), programming (#1)",to-read,,,,0,,,0,,,,,
17716149,Jquery Hotshot,Dan Wellman,"Wellman, Dan",,"=""1849519102""","=""9781849519106""",0,4.60,Packt Publishing,Paperback,296,2013,2013,,2016/09/13,"to-read, programming, web-dev","to-read (#17), programming (#10), web-dev (#6)",to-read,,,,0,,,0,,,,,
17218323,Learning Highcharts,Joe Kuan,"Kuan, Joe",,"=""1849519080""","=""9781849519083""",0,4.33,Packt Publishing,Paperback,362,2012,2012,,2016/09/13,"to-read, programming, web-dev","to-read (#16), programming (#11), web-dev (#7)",to-read,,,,0,,,0,,,,,
16110523,WordPress Plugin Development Cookbook,Yannick Lefebvre,"Lefebvre, Yannick",,"=""1849517681""","=""9781849517683""",0,4.33,Packt Publishing,Paperback,299,2012,2012,,2016/09/13,"to-read, programming, web-dev","to-read (#15), programming (#27), web-dev (#15)",to-read,,,,0,,,0,,,,,
14498589,Mastering Phpmyadmin 3.4 for Effective MySQL Management,Marc DeLisle,"DeLisle, Marc",,"=""1849517789""","=""9781849517782""",0,4.20,Packt Publishing,Paperback,394,2012,2012,,2016/09/13,"to-read, programming, web-dev","to-read (#14), programming (#15), web-dev (#8)",to-read,,,,0,,,0,,,,,
15902518,Node Cookbook,David Mark Clements,"Clements, David Mark",,"=""1849517185""","=""9781849517188""",0,4.08,Packt Publishing,Paperback,342,2012,2012,,2016/09/13,"to-read, programming, web-dev","to-read (#13), programming (#16), web-dev (#9)",to-read,,,,0,,,0,,,,,
15957449,Blender Game Engine: Beginner's Guide,Victor Kuller Bacone,"Bacone, Victor Kuller",,"=""1849517029""","=""9781849517027""",0,2.50,Packt,Paperback,190,2012,2012,,2016/09/13,"to-read, 3d-modelling, game-dev","to-read (#12), 3d-modelling (#2), game-dev (#1)",to-read,,,,0,,,0,,,,,
16389595,Openlayers 2.10 Beginner's Guide,Erik Hazzard,"Hazzard, Erik",,"=""1849514135""","=""9781849514132""",0,3.65,Packt Publishing,ebook,372,2011,2011,,2016/09/13,"programming, web-dev","programming (#31), web-dev (#18)",read,,,,1,,,0,,,,,
13591035,PHP Ajax Cookbook,Milan Sedliak,"Sedliak, Milan","R. Rajesh Jeba Anbiah, Roshan Bhattarai","=""1849513082""","=""9781849513081""",0,3.57,Packt Publishing,ebook,340,2011,2011,,2016/09/13,"to-read, programming, web-dev","to-read (#11), programming (#17), web-dev (#10)",to-read,,,,0,,,0,,,,,
10217366,PHP Jquery Cookbook,Vijay  Joshi,"Joshi, Vijay",,"=""1849512744""","=""9781849512749""",0,3.89,Packt Publishing,Paperback,332,2010,2010,,2016/09/13,"to-read, programming, web-dev","to-read (#10), programming (#18), web-dev (#11)",to-read,,,,0,,,0,,,,,
9663373,Wordpress 3.0 Jquery,Tessa Blakeley Silver,"Silver, Tessa Blakeley",,"=""1849511748""","=""9781849511742""",0,4.00,Packt Publishing,Paperback,316,2010,2010,,2016/09/13,"to-read, programming, web-dev","to-read (#9), programming (#26), web-dev (#14)",to-read,,,,0,,,0,,,,,
18471822,Html5 Data and Services Cookbook,Gorgi Kosev,"Kosev, Gorgi",Mite Mitreski,"=""1783559284""","=""9781783559282""",0,4.50,Packt Publishing,Paperback,480,2013,2013,,2016/09/13,"to-read, programming, web-dev","to-read (#8), programming (#7), web-dev (#3)",to-read,,,,0,,,0,,,,,
32177576,The Essential Guide To Processing For Flash Developers,Ira Greenberg,"Greenberg, Ira",,"=""""","=""""",2,2.67,friends of ED,ebook,504,2009,2009,2016/10/31,2016/09/13,programming,programming (#29),read,the screenshots were poorly compressed<br/>the book was too programming heavy,,,1,,,0,,,,,
23278468,Thinking in HTML,Aravind Shenoy,"Shenoy, Aravind",,"=""""","=""""",0,3.82,Packt Publishing,Kindle Edition,57,2014,2014,,2016/09/13,"to-read, programming, web-dev","to-read (#7), programming (#24), web-dev (#12)",to-read,,,,0,,,0,,,,,
17138263,Getting Started with Raspberry Pi,Matt Richardson,"Richardson, Matt",Shawn Wallace,"=""1449344232""","=""9781449344238""",0,3.77,"Maker Media, Inc",ebook,176,2012,2012,,2016/09/13,"to-read, programming","to-read (#6), programming (#5)",to-read,,,,0,,,0,,,,,
12404631,Machine Learning in Action,Peter Harrington,"Harrington, Peter",,"=""1617290181""","=""9781617290183""",0,3.68,Manning Publications,Paperback,384,2012,2011,,2016/09/13,"to-read, programming","to-read (#5), programming (#14)",to-read,,,,0,,,0,,,,,
9362621,Beginning Openvpn 2.0.9,Markus Feilner,"Feilner, Markus",Norbert Graf,"=""184719706X""","=""9781847197061""",0,4.00,Packt Publishing,Paperback,356,2009,2009,,2016/09/13,"to-read, networking","to-read (#4), networking (#1)",to-read,,,,0,,,0,,,,,
22038730,Thinking in JavaScript,Aravind Shenoy,"Shenoy, Aravind",,"=""""","=""""",0,3.31,Packt Publishing,Kindle Edition,39,2014,2014,,2016/09/13,"to-read, programming, web-dev","to-read (#3), programming (#25), web-dev (#13)",to-read,,,,0,,,0,,,,,
9002756,Building Websites with E107: A Step by Step Tutorial to Getting Your E107 Website Up and Running Fast,Tad Boomer,"Boomer, Tad",,"=""1904811310""","=""9781904811312""",0,0.0,Packt Publishing,Paperback,260,2007,2007,,2016/09/13,"to-read, web-dev","to-read (#2), web-dev (#1)",to-read,,,,0,,,0,,,,,
1156210,Processing: Creative Coding and Computational Art,Ira Greenberg,"Greenberg, Ira",,"=""159059617X""","=""9781590596173""",0,3.77,Friends of ED,Hardcover,810,2007,2007,,2016/09/13,"to-read, programming","to-read (#1), programming (#21)",to-read,,,,0,,,0,,,,,
9840982,Generative Art,Matt Pearson,"Pearson, Matt",,"=""1935182625""","=""9781935182627""",4,4.01,Manning Publications,Paperback,240,2011,2011,2016/09/22,2016/09/13,paper,paper (#20),read,,,,1,,,0,,,,,
9214112,Zero Configuration Networking: The Definitive Guide,Daniel H. Steinberg,"Steinberg, Daniel H.",Stuart Cheshire,"=""144939079X""","=""9781449390792""",2,3.72,O'Reilly Media,ebook,254,2005,2005,,2016/09/13,"networking, paper","networking (#9), paper (#11)",read,,,,1,,,0,,,,,
22358633,3D Printing with Sketchup,Marcus Ritland,"Ritland, Marcus",,"=""1783284579""","=""9781783284573""",0,4.67,Packt Publishing,Paperback,136,2014,2014,,2016/09/13,3d-modelling,3d-modelling (#3),read,,,,1,,,0,,,,,
7147817,After the Software Wars,Keith Cary Curtis,"Curtis, Keith Cary",,"=""0578011891""","=""9780578011899""",4,3.26,Keithcu Press,Paperback,304,2009,2008,,2016/09/13,,,read,,,,1,,,0,,,,,
15842789,Asterisk: The Definitive Guide,Russell Bryant,"Bryant, Russell","Leif Madsen, Jim Van Meggelen","=""1449332420""","=""9781449332426""",2,3.83,O'Reilly Media,Paperback,846,2013,2011,,2016/09/13,,,read,,,,1,,,0,,,,,
18961294,Blender 3D Printing Essentials,Gordon C. Fisher,"Fisher, Gordon C.",,"=""1783284595""","=""9781783284597""",0,4.29,Packt Publishing,Paperback,114,2013,2013,,2016/09/13,3d-modelling,3d-modelling (#5),read,,,,1,,,0,,,,,
11022487,"Building Wireless Sensor Networks: With Zigbee, Xbee, Arduino, and Processing",Robert Faludi,"Faludi, Robert",,"=""1449302742""","=""9781449302740""",2,3.79,O'Reilly Media,ebook,322,2010,2010,,2016/09/13,"networking, paper","networking (#4), paper (#10)",read,,,,1,,,0,,,,,
11712744,Coders At Work: Bedeutende Programmierer Und Ihre Erfolgsgeschichten,Peter Seibel,"Seibel, Peter",,"=""3826691032""","=""9783826691034""",3,3.93,mitp,,560,2011,2009,,2016/09/13,,,read,,,,1,,,0,,,,,
21865202,"Digital Asset Management: Content Architectures, Project Management, and Creating Order Out of Media Chaos",Elizabeth Keathley,"Keathley, Elizabeth",,"=""1430263768""","=""9781430263760""",3,4.12,Apress,Paperback,196,2014,2014,,2016/09/13,,,read,,,,1,,,0,,,,,
72012,The Future of Ideas: The Fate of the Commons in a Connected World,Lawrence Lessig,"Lessig, Lawrence",,"=""0375726446""","=""9780375726446""",4,3.96,Vintage,Paperback,384,2002,2001,,2016/09/13,,,read,,,,1,,,0,,,,,
9659875,Free Culture: How Big Media Uses Technology and the Law to Lock Down Cultuivity,Lawrence Lessig,"Lessig, Lawrence",,"=""1101200847""","=""9781101200841""",4,4.12,Penguin Press,,368,2004,2004,,2016/09/13,,,read,,,,1,,,0,,,,,
2968778,On the Way to the Web: The Secret History of the Internet and Its Founders,Michael A. Banks,"Banks, Michael A.",,"=""1430208694""","=""9781430208693""",4,3.42,Apress,Hardcover,218,2008,2008,,2016/09/13,"networking, computer-history","networking (#7), computer-history (#10)",read,,,,1,,,0,,,,,
17063535,Pro Html5 Games,Aditya Ravi Shankar,"Shankar, Aditya Ravi",,"=""143024710X""","=""9781430247104""",4,3.58,Apress,Paperback,364,2012,2012,,2016/09/13,"programming, web-dev, game-dev","programming (#32), web-dev (#19), game-dev (#4)",read,,,,1,,,0,,,,,
6964307,Remix: Making Art and Commerce Thrive in the Hybrid Economy,Lawrence Lessig,"Lessig, Lawrence",,"=""0143116134""","=""9780143116134""",4,3.83,Penguin Books,Paperback,352,2009,2008,,2016/09/13,,,read,,,,1,,,0,,,,,
9683775,The War of the Worlds,H.G. Wells,"Wells, H.G.",,"=""1936594056""","=""9781936594054""",3,3.80,Tribeca Books,Paperback,140,2010,1897,,2016/09/13,,,read,,,,1,,,0,,,,,
18702020,Learning Three.Js: The JavaScript 3D Library for Webgl,Jos Dirksen,"Dirksen, Jos",,"=""1782166289""","=""9781782166283""",3,4.05,Packt Publishing,Paperback,402,2013,2013,,2016/09/13,"programming, web-dev","programming (#30), web-dev (#17)",read,,,,1,,,0,,,,,
22790490,Three.Js Essentials,Jos Dirksen,"Dirksen, Jos",,"=""1783980869""","=""9781783980864""",3,3.25,Packt Publishing,Paperback,198,2014,2014,,2016/09/13,"programming, web-dev","programming (#33), web-dev (#20)",read,,,,1,,,0,,,,,
33635334,Space 1889,Frank Chadwick,"Chadwick, Frank",,"=""""","=""""",4,3.63,,ebook,,,1988,,2016/09/13,"rpg, currently-reading","rpg (#9), currently-reading (#1)",currently-reading,,,,1,,,0,,,,,
15902545,Webgl Beginner's Guide,Diego Cantor,"Cantor, Diego",Brandon  Jones,"=""184969172X""","=""9781849691727""",2,4.22,Packt Publishing,Paperback,376,2012,2012,,2016/09/13,"programming, web-dev","programming (#34), web-dev (#21)",read,,,,1,,,0,,,,,
61182,The Hacker Crackdown: Law and Disorder on the Electronic Frontier,Bruce Sterling,"Sterling, Bruce",,"=""055356370X""","=""9780553563702""",3,3.81,Bantam,Paperback,336,1993,1992,,2016/09/13,computer-history,computer-history (#4),read,,,,1,,,0,,,,,
28152384,Creating Blogs with Jekyll,Vikram Dhillon,"Dhillon, Vikram",,"=""148421465X""","=""9781484214657""",3,3.50,Apress,Paperback,345,2016,,,2016/09/13,"programming, web-dev","programming (#28), web-dev (#16)",read,,,,1,,,0,,,,,
8865430,Hackers: Heroes of the Computer Revolution,Steven Levy,"Levy, Steven",,"=""1449388388""","=""9781449388386""",4,4.15,O'Reilly Media,ebook,,2010,1984,2016/12/18,2016/09/13,"computer-history, audio","computer-history (#9), audio (#1)",read,,,,1,,,0,,,,,
